youtube_url,title,author_name,thumbnail_url,date,views,description,fetch_date,language,product,type
https://www.youtube.com/watch?v=l5e1wHwZ__c,Everyone with Multiple Computers Should Have This Tiny KVM Tool ! #openterface,FamilyGeekery,https://yt3.ggpht.com/E0GurViIbPH1skzVN5g7rjvyGnwAGHyjmuBgfjPDn3LyoWApDl4KAXKCt5bEya93aDGL7inhwg=s88-c-k-c0x00ffffff-no-rj,2025-05-01,4041,"KVM Over USB! Check it out here: https://openterface.com/ In this video, we review the Operterface from TechxArtisan. Its a tiny USB based KVM that allows you to easily connect to and control almost any computer from a host - all over USB! Support FamilyGeekery by Getting a Good Deal for Yourself! Buy us a Ko-Fi at: https://ko-fi.com/familygeekery Amazon - Support our channel by using this link when you buy stuff at Amazon - http://familygeekery.com/amazon Thank you for any/all support! Don't forget about our FamilyGeekery Podcast, with new episodes every Tuesday! We talk about Video Games, Comics, Movies, and all kinds of geeky stuff! https://familygeekery.podbean.com or right here on YouTube https://www.youtube.com/@TheFamilyGeekeryPodcast Find our other Social Media and other Links here: https://linktr.ee/familygeekery Disclaimer: As an Amazon Associate we earn from qualifying purchases. If you buy something through our the above we may get a small share of the sale. Thank you for supporting the channel! #openterface",2025-12-16 11:40:10,,minikvm,
https://www.youtube.com/watch?v=sKDYsKBv90A,Openterface: A KVM over USB Device,Home Network Guy,https://yt3.ggpht.com/wmQPGuau8ThNtsGR0Kc6m78_55P0_hH6fB4p2dPwHlIXyZ61SGk7yl9ogIMxaWhb8Q0f8zAn=s88-c-k-c0x00ffffff-no-rj,2025-01-17,4350,"After taking a look at several KVM over IP devices in prior videos, I take a look at my first KVM over USB device: the Openterface by TechxArtisan. A KVM over USB device works similarly to a KVM over IP device but rather than connecting over the network, all data is sent via the USB interface. A great aspect about KVM over USB devices is the fact that you do not need to set up any network connections in order to control the target device. The possible use cases for a device like this is when you are traveling with say a laptop and you want to manage some other device that you are nearby without needing to set up any network connections. Also, if you wanting to set up a mini-PC that's next to your desktop PC or laptop, this is a good use for a KVM over USB. Because I work with mini-PCs and SBCs on a regular basis at my desk and workbench, a KVM over USB device is a great device to have especially since I do screen captures of such devices as well when working on guides and demos. My personal experience using the Openterface with Linux is that the software still has some rough edges. I hope they will be resolved in the future, but I believe the experience is much better on macOS as demonstrated by @apalrdsadventures video (https://youtu.be/ZZ5P6MnBcHw). Disclosure: TechxArtisan sent me the Openterface device and accessories but opinions are my own. If you are interested in purchasing the Openterface, please visit: https://openterface.com If you are interested in the community produced web app for Openterface: https://openterface-viewer.pages.dev/ https://github.com/kashalls/openterface-viewer EP64 Join this channel to get access to perks: https://www.youtube.com/channel/UCvdHQkQv8KpwMnKkitmUVTQ/join",2025-12-16 11:40:19,,minikvm,
https://www.youtube.com/watch?v=ZZ5P6MnBcHw,A USB KVM for your IT Tool Bag,apalrd's adventures,https://yt3.ggpht.com/qencJ8YC4SCPbV_ylp47d-yNIAMTzt6QlncVrJ8FfwRDYeB4m7St7MZNSCDOVx3Qw_9CJxHR5A=s88-c-k-c0x00ffffff-no-rj,2024-06-25,26482,"Today I'm taking a look at the Openterface USB KVM. It's a simple little device that bridges HDMI and USB HID emulation to your laptop, acting as a keyboard/video/mouse display in a tiny package. TechxArtisan sent me this kit for review, no money changed hands. Overall I think the hardware is great. The kit I have includes the full bundle + the optional VGA cable (VGA really needs to disappear someday...). The software could use some work, it's functional but lacks niceties like pasting blocks of text. The lack of ISO emulation might be a dealbreaker, but you can plug a flash drive into the USB 2 port of the device to pass it through (or just directly into the device). Buy the OPENTERFACE: https://www.crowdsupply.com/techxartisan/openterface-mini-kvm https://openterface.com/ Support me on Ko-Fi if you enjoy my content and find it useful: https://ko-fi.com/apalrd Feel free to chat about my upcoming projects on Discord! https://discord.gg/xJsaEukAr4 Follow me on Mastodon: https://hachyderm.io/@apalrd Timestamps: 00:00 - Introduction 00:30 - Unboxing 02:29 - Software 05:17 - Thoughts",2025-12-16 11:40:25,,minikvm,
https://www.youtube.com/watch?v=lwitzvmxsgc,Openterface Mini-KVM open-source KVM gadget,Make:,https://yt3.ggpht.com/ytc/AIdro_mbT6bPBRqaz5fH4ZhPL1KzEDJ1y1-ZgA8Bt1OATJ9omHvR=s88-c-k-c0x00ffffff-no-rj,2024-05-30,2814,learn more at https://www.crowdsupply.com/techxartisan/openterface-mini-kvm,2025-12-16 11:40:29,,minikvm,
https://www.youtube.com/watch?v=FaAFCHHQeQg,Playing around with the KVM-Mini Toolkit,Per Mejdal Rasmussen,https://yt3.ggpht.com/ytc/AIdro_kdotLHlTa1Y2q8-iN2iWHWF1EUnyVTxxrfbXqb-9ql7sY=s88-c-k-c0x00ffffff-no-rj,2024-12-12,491,,2025-12-16 11:40:34,,minikvm,
https://www.youtube.com/watch?v=K0EuMSQEwKo,Turn Your Laptop into a KVM Console using Mini-KVM,Electromaker,https://yt3.ggpht.com/erBuQrc8PUPxL6UVWNLwUUXZu1QoY1qmWe4x-nVdxhw_kMOeMsT3SDhHM3sYxt2oYKC--zNvug=s88-c-k-c0x00ffffff-no-rj,2024-07-02,11805,"A KVM (Keyboard, Video, Mouse) switch allows users to control multiple computers using a single set of peripherals. At Crowd Supply Teardown 2024, we saw the Mini KVM, a compact and portable version designed to simplify the process of managing headless devices and performing quick troubleshooting tasks. The Mini KVM allows users to control headless devices seamlessly. It supports sound transmission through HDMI and offers USB input switching, enabling easy file transfers between connected devices. This versatility enhances its utility in various scenarios. More info: https://www.electromaker.io/blog/article/discover-the-mini-kvm-a-portable-solution-for-device-management https://www.crowdsupply.com/techxartisan/openterface-mini-kvm ▬ Support us! ▬▬▬▬▬▬▬▬▬▬ We publish a new show every week. Subscribe here: https://www.youtube.com/channel/UCiMO2NHYWNiVTzyGsPYn4DA?sub_confirmation=1 We stock the latest products from Adafruit, Seeed Studio, Pimoroni, Sparkfun, and many more! Browse our shop: https://www.electromaker.io/shop Join us on Discord! https://discord.com/invite/w8d7mkCkxj Follow us on Twitter: https://twitter.com/ElectromakerIO Like us on Facebook: https://www.facebook.com/electromaker.io/ Follow us on TikTok: https://www.tiktok.com/@electromaker.io Follow us on Instagram: https://www.instagram.com/electromaker_io/ Don't have time to watch the show? Listen to the Electromaker Show in podcast format on your favourite podcast platform! https://directory.libsyn.com/shows/view/id/electromaker ▬ Contents of this video▬▬▬▬▬▬▬▬▬▬ 00:00 - Overview of Mini KVM 00:28 - Inspiration Behind Mini KVM 00:46 - Features and Applications of Mini KVM 01:35 - Demonstration Setup 02:03 - Setting Voltage and Current with Mini KVM 02:54 - Switching Keyboard and Mouse Input 03:30 - Future Plans for VNC Integration 03:55 - Open Source Nature of Mini KVM 04:20 - Cross-Platform Compatibility 04:45 - Mini KVM Availability on Crowd Supply",2025-12-16 11:40:38,,minikvm,
https://www.youtube.com/watch?v=xAEQpWyfY-c,This USB KVM Console is Awesome! - Openterface by TechxArtisan,Cameron Gray,https://yt3.ggpht.com/5PO3ZYQMljAvN-whnmlMKXvceL0N83EvbrICFDqNT70MgCk_pRAlRAPPE2QZNqsxRfcJ_pRjo7k=s88-c-k-c0x00ffffff-no-rj,2024-03-30,60115,"In this video we'll be taking a look at a new USB KVM console that is being developed by a group named TechxArtisan which promises to be a low cost, feature packed way to use a laptop as a monitor, keyboard and mouse for accessing servers and other computers. This product is currently still in development but they were kind enough to send over an early version to try out and gain feedback on! Openterface Website: https://openterface.com/ Openterface Subreddit: https://www.reddit.com/r/Openterface_miniKVM/ TechxArtisan Website: https://techxartisan.com/en/ https://www.camerongray.me/ https://twitter.com/camerongray1515 Chapters: 00:00 - Introduction 01:28 - What is it? 05:01 - Looking at the hardware 11:00 - Why not use [other solution] instead? 15:18 - Testing it out! 21:40 - ""Pasting"" text to the target machine! 24:53 - Some bugs 28:12 - Testing out VGA adapter 30:33 - Testing on a server 31:47 - Conclusion *AFFILIATE LINKS NOTICE:* Product links under this video marked “(Affiliate)” are affiliate links where I may receive a small commission on qualifying sales. Affiliate programs that I am a member of include, _but are not limited to:_ Amazon Associates, eBay Partner Network and AliExpress Affiliates. As an Amazon Associate I earn from qualifying purchases. Purchasing through these affiliate links will not cost you any more money, however the commission earned significantly helps fund the production of videos on my channel.",2025-12-16 11:40:45,,minikvm,
https://www.youtube.com/watch?v=B7GHj7mPei4,【楽しすぎる】M4 MacMini 2024を外に持ち出す方法がロマンすぎた！！！！,野市 零 / Zero Noichi,https://yt3.ggpht.com/-wFXaLYB_lhWD63lDMk7y9_ye3uBcM68c1Yh9B-_9iSQR5OxUwwiJBkzKrZasEe4_rEYVoLA=s88-c-k-c0x00ffffff-no-rj,2024-11-18,15532,今回は先日投稿した２本の動画の総集編みたいな感じの動画です〜コメントにいただいたものにできるだけご返信しましたので、ゆっくり見ていってください。 この製品はいろんな使い方ができるのでまだアイディアはあるかも？ Macmini開封の動画 https://www.youtube.com/watch?v=0pZJmqspGVI MiniKVMの説明動画 https://youtu.be/mfUd-YqVJSY MiniKVMをマクドナルドで使ってみた https://youtu.be/1iTaDp24PBI おすすめ動画(4TB SSDをやすくで作る動画) https://www.youtube.com/playlist?list=PLEnQDaBS8EXN9Zjvz7VD7PakYrxCm31rd ゼロのおすすめ商品まとめサイト↓ http://cl.zpw.jp/b986f4 ⭐️今回紹介した商品⭐️ Mac Mini 2024 M4↓ https://amzn.to/3ChqIzW Openterface 公式サイト↓ https://openterface.com/ 購入場所(プレオーダー)↓ https://www.crowdsupply.com/techxartisan/openterface-mini-kvm サンワプライUSBリンクケーブル↓ https://amzn.to/4hWfhhI Cable Matters Thunderbolt 5↓ https://amzn.to/3Oi1Vyk 指紋認証付きMagicキーボード↓ https://amzn.to/3O1ltH6 最強のマウスの代わりMagicトラックパッド↓ https://amzn.to/3UDYO7H ThunderBolt5↓ https://amzn.to/4ffHo9I ======================= おすすめ動画(安くでSSDを作る！) https://www.youtube.com/playlist?list=PLEnQDaBS8EXN9Zjvz7VD7PakYrxCm31rd カメラ回り: SONY α7siii(カメラ): https://amzn.to/4cH0t2X Accsoon 5G CineView: https://amzn.to/3xFGpPu Accsoon 5Gにつけてるバッテリー: https://amzn.to/4cl2Hp1 HDMI ケーブル: https://amzn.to/3RM0Ilh 今日使ってるカメラとマイク: (カメラ)Osmo Pocket 3: https://amzn.to/3xIes9Q (マイク)DJI Mic 2: https://amzn.to/4bqLNnq 🌟Twitterのフォローはこちら↓ https://twitter.com/zero_onech 🌟コラボレーション(多言語対応) https://pr.zpw.jp/,2025-12-16 11:40:54,,minikvm,
https://www.youtube.com/watch?v=1iTaDp24PBI,【革命】M4 MacMini 2024を外に持ち出して使えたwwww,野市 零 / Zero Noichi,https://yt3.ggpht.com/-wFXaLYB_lhWD63lDMk7y9_ye3uBcM68c1Yh9B-_9iSQR5OxUwwiJBkzKrZasEe4_rEYVoLA=s88-c-k-c0x00ffffff-no-rj,2024-11-16,4515,今回は前回紹介したPCをPCで操作できる神ツールMini KVM tool kitをつかってApple最新作 M4 Mac mini 2024を外に持ち出して使ってみようという動画です。前回は実演が少なかったので今回は実際に使ってみたいと思います。動画内ではMacBookを使用していますが、安いノートPCなどを使うことによって最新M4をMacbookのように使うことができるようになるツールですwww 今回はネットサーフィンしかしてませんが、動画編集など細かい作業もこのツールを使えば可能です。 Macmini開封の動画 https://www.youtube.com/watch?v=0pZJmqspGVI MiniKVMの説明動画 https://youtu.be/mfUd-YqVJSY おすすめ動画(安くでSSDを作る！) https://www.youtube.com/playlist?list=PLEnQDaBS8EXN9Zjvz7VD7PakYrxCm31rd ゼロのおすすめ商品まとめサイト↓ https://www.zerozon.net/shop.php ⭐️今回紹介した商品⭐️ Mac Mini 2024 M4↓ https://amzn.to/3ChqIzW Openterface 公式サイト↓ https://openterface.com/ 購入場所↓ https://www.crowdsupply.com/techxartisan/openterface-mini-kvm 指紋認証付きMagicキーボード↓ https://amzn.to/3O1ltH6 最強のマウスの代わりMagicトラックパッド↓ https://amzn.to/3UDYO7H ThunderBolt5↓ https://amzn.to/4ffHo9I ======================= おすすめ動画(安くでSSDを作る！) https://www.youtube.com/playlist?list=PLEnQDaBS8EXN9Zjvz7VD7PakYrxCm31rd カメラ回り: SONY α7siii(カメラ): https://amzn.to/4cH0t2X Accsoon 5G CineView: https://amzn.to/3xFGpPu Accsoon 5Gにつけてるバッテリー: https://amzn.to/4cl2Hp1 HDMI ケーブル: https://amzn.to/3RM0Ilh 今日使ってるカメラとマイク: (カメラ)Osmo Pocket 3: https://amzn.to/3xIes9Q (マイク)DJI Mic 2: https://amzn.to/4bqLNnq 🌟Twitterのフォローはこちら↓ https://twitter.com/zero_onech 🌟コラボレーション(多言語対応) https://pr.zpw.jp/,2025-12-16 11:41:01,,minikvm,
https://www.youtube.com/watch?v=hOSP7je8zSk,【紹介】【スイッチ】【簡単】1社に1個あると良い！TechxArtisan社のMini KVM,もりこーぽちゃんねる　インフラ系エンジニア情報チャンネル,https://yt3.ggpht.com/SnBBa_jP4nHBXxH8x15EVoxK0Lmd7DNUPaSIzajdyHLBylcN9DtqmK11YH5IDoTtpgprQUiBKt8=s88-c-k-c0x00ffffff-no-rj,2024-09-06,2685,"【紹介】【スイッチ】【簡単】1社に1個あると良い！TechxArtisan社のMini KVM 今回はTechxArtisan社のMini-KVMの #紹介 動画です。 #KVMスイッチ とは何かと言いますと、ユーザーが複数のコンピュータを1組のキーボード、ディスプレイ、マウスから操作するためのハードウェアで、CPU切替器、PC切替器という名称も用いられる。""KVM"" は Keyboard, Video (Visual unit), Mouse の略です。（Wikipediaより） これがあると何が良いか、動画の中で #検証 を行い解説させていただきました。 TechxArtisan社のHPも下記にリンクを貼りますので、興味のある方は是非ご覧になって下さい。 1点、本製品はまだ日本国内で買えません。TechxArtisan社のHPから購入できます。その点につきましても動画内でお話しておりますので、参考にしていただければと思います。 ◆TechxArtisan社HP https://openterface.com/ コメントもお待ちしております。 #IT #モリコーポレーション #ネットワーク デモ環境の見学依頼から次期電話システム・ITインフラのご相談まで幅広く対応させて頂きます。ぜひお気軽にご連絡頂ければと思います。 問い合わせ先メールアドレス： mchan@mori1.co.jp",2025-12-16 11:41:06,,minikvm,
https://www.youtube.com/watch?v=U8kvzWnOWWc,【openterface Mini-KVM】ノートPCをサーバーなどのコンソールとして利用する機器のご紹介,N's on a trip,https://yt3.ggpht.com/ytc/AIdro_mZcPSKP_AhotkMl-hIEgx1D4jYY8WrBMdilMfqR3lGhw=s88-c-k-c0x00ffffff-no-rj,2024-08-24,4205,"※ご提供いただいた製品は開発中のサンプルとなっており、細かい仕様・画面等（特に意匠デザインなど）は正式リリース時に変更になる場合がございます。 このチャンネルのメンバーになって特典にアクセスしてください: https://www.youtube.com/channel/UCgpWlwBVbrcBB6VOoG5d-iw/join 今回、中国広州のIT企業 TECHxARTISAN 社から、製品をご提供いただきました。 【ご提供企業】 TECHxARTISAN (読み方：テックアーティサン) https://techxartisan.com/en/ 【ご提供いただいた製品】 openterface Mini-KVM https://jp.openterface.com/ クラウドファンディング (CROWDSUPPLY) で既に目標資金を超えてゴールしており、現在プレーオーダー中です。 https://www.crowdsupply.com/techxartisan/openterface-mini-kvm - 価格 Openterface Mini-KVM 本体のみ $89 Openterface Mini-KVM Toolkit 各種ケーブル同梱 $109 VGA to HDMI, Audio, and USB Converter オプション変換ケーブル $19 ※日本への輸送は別途 $18 - 目次 - 00:00 Mini-KVMという製品をご提供いただきました（開封） 01:45 Mini-KVM Toolkit 内容物の紹介 05:01 Windows 版アプリケーション導入 07:53 実際に使用してみます 12:23 新エンディング #openterface #TECHxARTISAN #自宅サーバー",2025-12-16 11:41:12,,minikvm,
https://www.youtube.com/watch?v=XTbpzx91Qbs,Openterface Mini-KVM ¡Controla Todo desde un Solo Lugar y Revoluciona tu Gestión Tecnológica!,Escuela De Informática,https://yt3.ggpht.com/ytc/AIdro_n3viduJaRLR09pfZekDq2MYO6Xtg8SfshR2Bot0zNpXQg=s88-c-k-c0x00ffffff-no-rj,2024-12-09,1770,"https://es.openterface.com/ Conviértete en miembro de este canal para disfrutar de ventajas: https://www.youtube.com/channel/UCH129khLnG-Xt_-rf-sqQOw/join Ayuda al canal con mis link de Amazon: Mi libro de colorear: https://amzn.to/3wP6rQ8 https://amzn.to/2SwkfqN https://amzn.to/3ivgJaM Fire Tv lite: https://amzn.to/2JGR8jS Fire Tv: https://amzn.to/2WYCNSM Fire Tv 4k: https://amzn.to/2LcVCPD Amazon Echo Dot: https://amzn.to/38MHRza Keys Muy Baratas: https://royalcdkeys.com/?ref=h2c906ve REDES SOCIALES: https://linktr.ee/euskalcraft Telegram: https://t.me/laguaridadelfriki Discord: https://discord.gg/xdDtVb88uS Espero que les guste el video, si es así darle like y apoya el canal suscribiendote, es gratis y recibes mucho. Gracias. Un saludo.",2025-12-16 11:41:19,,minikvm,
https://www.youtube.com/watch?v=VjH0H8Nt68k,Apresentação do Open KVM,ANSOL - Associação Nacional para o Software Livre,https://yt3.ggpht.com/23qr9nbZX5PvvYTzJjyAG-Wghnvao86rfwM-Yy58ZA0kvvWbA4dMaC7fAUzCJ56U2uN6r6Zo=s88-c-k-c0x00ffffff-no-rj,2024-12-19,35,"👤 Tomás Castro 🗓️ 2024/10/12 🗺️ Anfiteatro IV - Departamento de Eletrónica, Telecomunicações e Informática da Universidade de Aveiro",2025-12-16 11:41:25,,minikvm,
https://www.youtube.com/watch?v=VfVGD2bQswQ,A Tiny KVM That Solves Big IT Headaches,Geek Of All Trades,https://yt3.ggpht.com/U0OdbO7R13-ySf4G__3r3uQJw3yxAzi4VGjiqaeT5kMOM5VsSB7NRsO_Joks09srZtkwGB5GGFE=s88-c-k-c0x00ffffff-no-rj,2025-06-15,7748,"#homelab #kvm #datacenter Pickup this Mini KVM Here: https://cutt.ly/lrQKVdFv Tired of dragging monitors to troubleshoot servers or headless machines? In this video, I dive into the Openterface Mini KVM, a compact, plug-and-play solution perfect for managing headless mini PCs, Mac minis, or even full-size servers without the hassle. Whether you're in IT, building a home lab, or just need a reliable USB KVM switch for quick access to your gear, this ultra-compact KVM is a game changer. I walk through real-world tests on both a PowerEdge server and a mini PC, showcasing how this portable KVM works with macOS, Linux, and Windows setups. If you're looking for a tiny KVM that just works—no drivers, no fuss—this one's worth checking out. No affiliate links here—they just sent it to me, and I made a video to share my honest thoughts. Stick around, check out how it works, and let me know what you think about these kinds of ultra-portable KVM solutions. Chapters: 0:00 🎬 Cold Open 0:44 🧰 Mini KVM Intro 1:40 💻 Hardware Setup 3:04 🔌 Connection Test 5:29 🖥️ Mini PC Demo 7:52 🎒 Real-World Use You can help support the channel with affiliate links, and get cool stuff at the same time! - https://linktr.ee/GeekOfAllTrades - https://geekofalltrades.carrd.co/ - https://www.amazon.com/shop/unboxingproject - https://www.redbubble.com/people/GeekWearz/shop Check out the Github for walkthroughs and setup guides: https://github.com/TheGeekOfAllTrades ***DISCLAIMER*** This is NOT financial advice and I am NOT a financial advisor. Some of these geek projects are expensive and can be risky. Crypto Currency is very volatile and the prices change daily. Please do your own research before investing!! THESE VIDEOS ARE MADE FOR ENTERTAINMENT \u0026 INFORMATIONAL PURPOSES ONLY!!!",2025-12-16 11:41:33,,minikvm,
https://www.youtube.com/watch?v=MNp8AifZ8_Q,"Small Gadget, Massive Workflow Upgrade! 🖥️💡 TechXArtisan Openterface Mini-KVM review!",Tech Critter,https://yt3.ggpht.com/ytc/AIdro_nEP7oWvQWCiJIUYPlPxjjLhc-bke_nlUfy-dJkTk80Iw=s88-c-k-c0x00ffffff-no-rj,2025-05-13,2159,"For us who deal with headless computers frequently, this is a must-have tool. It's the TechxArtisan Openterface Mini-KVM. It's a tiny device that has KVM over USB - and it works with Windows, Mac, Linux, and even Android phones. It's super handy and it has since became a tool that we use daily in the studio. Our guide to KVMs: https://www.youtube.com/watch?v=2q9Q5_e4SaQ Where to buy? https://shop.techxartisan.com/ Join our discord server: https://discord.gg/83M3JNJrw5 Find us on social media: Facebook: https://www.facebook.com/techcritter/ Twitter: https://twitter.com/techcritter Instagram: https://www.instagram.com/techcritter/ For business enquiries, reach us via social media. TechXArtisan Openterface Mini KVM, Openterface Mini KVM, Openterface KVM, Mini KVM switch, USB KVM, KVM over USB, KVM vousb, wired KVM switch, tiny KVM, small form factor KVM, ultra compact KVM, USB KVM switch, plug and play KVM, USB-based KVM, portable KVM, KVM switch for Mac, Mac KVM, macOS KVM, Linux KVM, Windows KVM, Android KVM, cross-platform KVM, multi-OS KVM, use one PC to control another, control one PC with another through wire, KVM with no video output, USB-only KVM, wired remote desktop alternative, local control KVM, USB tethered KVM, USB debugging KVM, KVM without HDMI, USB data KVM, keyboard mouse switch USB, minimal KVM setup, KVM over USB C, KVM over micro USB, TechXArtisan KVM tool",2025-12-16 11:41:39,,minikvm,
https://www.youtube.com/watch?v=Lf45H4Hkt1o,Openterface Mini-KVM: Controla un segundo PC sin monitor sin teclado y sin ratón desde tu portátil,Javier Gutierrez Abella,https://yt3.ggpht.com/ytc/AIdro_lkVDRCHKSbjko5n0Vto1FazyoHLtYHZ0BJLq554iF0ZNW1=s88-c-k-c0x00ffffff-no-rj,2025-05-08,1491,"🔗 Link de compra de los 2 packs (95$ y 129$): https://www.crowdsupply.com/techxartisan/openterface-mini-kvm 🔗 Link de compra de accesorios: https://shop.techxartisan.com/ ¿Te enfrentas a dispositivos sin pantalla y necesitas una solución eficiente? En este video, exploramos el Openterface Mini-KVM, un dispositivo compacto que te permite controlar equipos sin monitor directamente desde tu portátil mediante conexiones HDMI y USB. Ideal para técnicos, desarrolladores y entusiastas de la tecnología, este KVM-over-USB elimina la necesidad de periféricos adicionales y configuraciones de red complicadas. 🔧 Características destacadas: Acceso al BIOS del dispositivo objetivo Captura de video hasta 4K@30Hz y salida a 1080p@30Hz Latencia inferior a 140 ms Integración de audio a través de HDMI Puerto USB-A conmutador para compartir dispositivos Diseño portátil y liviano (61 x 53 x 13.5 mm, 48 g) Compatible con Windows, macOS, Linux y Android En la revisión, demostramos cómo configurar y utilizar el Mini-KVM con diferentes dispositivos, incluyendo Raspberry Pi y mini PCs, y compartimos nuestras impresiones sobre su rendimiento y utilidad en escenarios reales. 📦 Contenido del paquete (versión Toolkit): Openterface Mini-KVM Guía de inicio rápido Estuche de herramientas Cables HDMI y USB-C Adaptadores USB-A y USB-C Pegatina del logotipo de Openterface Para más detalles y opciones de compra, visita el sitio oficial: https://openterface.com/product/minikvm/ Para la descarga del software: https://openterface.com/app/ Capítulos: 00:00 Introducción al dispositivo KVM especializado 00:40 Descripción general de las características del producto y casos de uso 04:12 Desembalaje detallado y examen de los componentes 06:32 Instalación de la conexión y configuración de los cables 08:40 Demostración de la instalación del software 10:31 Opciones de interfaz y control 11:10 Proceso de actualización del firmware 13:08 Funciones de transferencia de texto y características finales No te olvides de: 👍 Darle like a este video si te resultó útil. 💬 Dejar un comentario con tus preguntas o experiencias. 🔔 Suscribirte al canal y activar la campanita para no perderte nuestros próximos videos. Redes sociales: Telegram: https://t.me/canal_jga Foro: https://foro.spyfly.es Blog: https://blog.spyfly.es TikTok: https://tiktok.com/@javiergutierrezabella Linkedin: https://linkedin.com/in/javiergutierrezabella Facebook: https://facebook.com/javiergutierrezabellaoficial Instagram: https://instagram.com/javiergutierrezabella Threads: https://threads.net/@javiergutierrezabella Twitter: https://x.com/JavierGutierrAb YouTube: https://youtube.com/JavierGutierrezAbella ¡Gracias por ver y nos vemos en el próximo video!",2025-12-16 11:41:45,,minikvm,
https://www.youtube.com/watch?v=Tp4f_uxEo6E,Teardown Session 53: Openterface Mini-KVM,Crowd Supply,https://yt3.ggpht.com/bAUL0NBNgStzCx6LTGQRSoHFg4MMLYWp3w8W7RJejnh5-vIlTZwBBGOCmPFyS7JVtl8qY4C0=s88-c-k-c0x00ffffff-no-rj,2025-05-16,546,"In this episode of the Teardown Sessions, we speak with Billy Wang and Kevin Peng from the Openterface Mini-KVM team. The Mini-KVM is a compact, feature-rich, open-source device that lets you use your laptop as a KVM console . The Mini-KVM uses KVM-over-USB to provide lightweight, speedy, and seamless control, enabling you to operate a headless computer directly from your laptop or desktop computer. The Openterface Mini-KVM campaign raised over $300k on Crowd Supply. Join us live with your questions! **About Our Guests** Billy Wang (product lead) and Kevin Peng (tech lead) are part of the TechxArtisan team behind the Openterface Mini-KVM campaign. They are an adventurous team of tech enthusiasts crafting innovative solutions and products that matter. From e-product prototypes to wild tech art, they dabble in 3D modeling, play with LEDs, master PCB design, excel in software, and explore AI, constantly pushing the boundaries of what's possible while aiming to do good. **About Crowd Supply** Crowd Supply is the crowdfunding platform of choice for engineers, hackers, designers, and idealists. We help them with the funding and support they need to deliver respectful, thoughtfully crafted, open source hardware to their delighted backers. Come see what our creators are making: https://www.crowdsupply.com! **About the Teardown Sessions** Welcome to The Teardown Sessions, a series of interviews and hands-on learning sessions with Crowd Supply creators, staff, and lots of special guests. **Links** - Openterface on Crowd Supply: https://www.crowdsupply.com/techxartisan/openterface-mini-kvm - Openterface home (for documentation): https://openterface.com/ - TechArtisan home: https://techxartisan.com/ - TearDown 2025: https://www.crowdsupply.com/teardown/portland-2025 - Crowd Supply Newsletter: https://www.crowdsupply.com/newsletter **Don't forget to Like, Link, and Subscribe!** #opensourcehardware #hardwarehacking #opensource #hardware #teardown #maker #hacker #electronics #crowdsupply #crowdfunding #manufacturing #kvm #usb #kvmoverusb",2025-12-16 11:41:49,,minikvm,
https://www.youtube.com/watch?v=xQev3upcoKo,Mini KVM - první dojmy,Flex,https://yt3.ggpht.com/Kf3e_fA9yQ_wBLDT_9iq4STHrt9HoXOI_pCx4uWphCaLeZTYhgSwwnZJ0mhNZRijfB0fGd38lQ=s88-c-k-c0x00ffffff-no-rj,2024-12-30,55,První dojmy z používání zařízení openterface Mini-KVM.,2025-12-16 11:41:53,,minikvm,
https://www.youtube.com/watch?v=__WfaaAS0O4,OpenInterface Shows New KVM Go at Maker Faire Shenzhen,Electromaker,https://yt3.ggpht.com/erBuQrc8PUPxL6UVWNLwUUXZu1QoY1qmWe4x-nVdxhw_kMOeMsT3SDhHM3sYxt2oYKC--zNvug=s88-c-k-c0x00ffffff-no-rj,2025-11-21,6623,"In this Maker Faire Shenzhen 2025 interview, Billy W from OpenInterface showcases the Mini KVM, a compact KVM solution over USB, used by IT staff, system administrators, and home lab builders. You connect the Mini KVM to a target device through HDMI, and the unit emulates keyboard and mouse, so you control the system from an Android tablet, iPad, Windows laptop, or macOS device. Their app provides a clean interface for remote access and troubleshooting. Billy also presents the upcoming KVM Go. This version integrates the video connector directly into the device, so you do not search for loose cables during critical tasks. KVM Go will ship with VGA, DisplayPort, and HDMI options. The VGA version has gained strong interest from teams who work with legacy hardware. Useful links: Mini KVM product page: openterface.com/product/minikvm OpenInterface website: openterface.com KVM Go https://www.crowdsupply.com/techxartisan/openterface-kvm-go ▬ Support Us! ▬▬▬▬▬▬▬▬▬▬ For all the latest products, projects and articles, visit our website at https://www.electromaker.io 💡 **Stay Connected with Electromaker!** https://www.youtube.com/channel/UCiMO2NHYWNiVTzyGsPYn4DA?sub_confirmation=1 https://www.facebook.com/electromaker.io https://twitter.com/ElectromakerIO https://www.linkedin.com/company/electromaker",2025-12-16 11:41:58,,kvm-go,
https://www.youtube.com/watch?v=aXQSNFAFiqk,J’ai testé le KVM le plus compact au monde : OpenTerface KVM Go !,Sam's eXperiments logs,https://yt3.ggpht.com/QypC0fMJdJDxdf_04lp6TWkuorFPB9pVZD8oOLwclsvRfJsfzCz01iaSl56A1J9lcCHUHXEM=s88-c-k-c0x00ffffff-no-rj,2025-12-15,4,"Aujourd’hui, on teste le OpenTerface KVM Go, un switch KVM ultra-portable au format porte-clés. Je vous montre l’unboxing, les différences avec le Mini KVM OpenTerface, et plusieurs scénarios d’utilisation : dépannage, installation, debugging… ⏱️ TIMESTAMPS 00:00 Presentation 00:24 Unboxing du Kit KVM-Go 00:35 Présentation des câbles 01:27 Prototype du KVM-GO 02:52 Comparaison avec le KVM-Mini 03:57 KVM-GO VS XBOX ONE X 05:06 KVM-GO VS BIOS 05:28 KVM-GO Installation de Debian à partir de la carte MicroSD 06:00 KVM-GO avec un HDMI d'ancienne génération 07:26 Conclusion et avis 🔗🔗🔗 Resources Used in the Video 🔗🔗🔗 🔗🔗🔗 Site Officiel : https://openterface.com TechxArtisan's Shop : https://shop.techxartisan.com #OpenSource #KVM #TechReview #OpenInterface #TechxArtisan",2025-12-16 11:42:03,,kvm-go,
https://www.youtube.com/watch?v=OyVeDDlDbN0,The Smallest KVM You’ll Ever Use? The Openterface by TechxArtisan,Sam's eXperiments logs,https://yt3.ggpht.com/QypC0fMJdJDxdf_04lp6TWkuorFPB9pVZD8oOLwclsvRfJsfzCz01iaSl56A1J9lcCHUHXEM=s88-c-k-c0x00ffffff-no-rj,2025-08-02,1761,"🔍 Honey, TechxArtisan shrunk the KVM! In this video, I explore the Openterface Mini-KVM Toolkit and the dedicated uConsole extension board I received from TechxArtisan for review. The Openterface KVM Ext. for uConsole is a plug-and-play extension board that transforms your uConsole into a fully functional KVM (Keyboard, Video, Mouse) console. Designed to fit seamlessly into the uConsole's expansion slot, this module replaces the standard 4G/LTE cellular modem, providing direct HDMI and USB connections to control headless devices without the need for additional peripherals or network configurations. ⏱️ TIMESTAMPS 00:00 Presentation 00:30 Comparaison with the Mini-KVM Toolkit 01:52 Installation in the uConsole 02:56 Software Installation 04:31 First Use 06:27 VGA to HDMI Converter Cable use 06:52 Conclusion 🔗🔗🔗 Resources Used in the Video 🔗🔗🔗 🔗🔗🔗 Official Web Site : https://openterface.com TechxArtisan's Shop : https://shop.techxartisan.com 🌟🌟 🌟 Support the Channel🌟 🌟 🌟 ☕☕☕ Support via Ko-fi ☕☕☕ Want to buy me a drink, like an e-coffee or a Club-Mate? You can do so at https://ko-fi.com/samxplogs. You'll have my infinite gratitude. Thank you so much for helping me keep the lights on in my home lab! #OpenSource #KVM #uConsole #TechReview #OpenInterface #TechxArtisan #ComputerRepair",2025-12-16 11:42:09,,uconsole-kvm-extension,
https://www.youtube.com/watch?v=gy-auzoEs-4,Openterface KVM On The uConsole,Jeremiah of All Trades,https://yt3.ggpht.com/B8kH91WWu2ZMDATCsCZxv0VrGXIoDai2B0gjTWRhEfXsfhVHDrgvJ26NPZPLXTcyzKVO5a2SejE=s88-c-k-c0x00ffffff-no-rj,2025-09-10,700,"Exploring the Openterface KVM module on the Clockwork Pi uConsole. Check it out here: https://openterface.com/product/uconsole-kvm-extension (Affilate Links) Best RX Antenna for Portapack H2/H4: https://amzn.to/3C0GJKG SMA to BNC: https://amzn.to/3YJIVyM LilyGo T-Embed C1101: https://www.lilygo.cc/6yrG2m Video/Audio Gear Cameras Sony A7IV: https://amzn.to/3AiVCr4 DJI Pocket 3: https://amzn.to/4e6O0pp DJI Action 4: https://amzn.to/4hp9vVg Lenses Sigma 24mm-70mm 2.8: https://amzn.to/3C4P4wS Sony G-Master 70mm-200mm: https://amzn.to/3YHdSDP Filters K\u0026F DJI Pocket 3 ND: https://amzn.to/48znML9 K\u0026F 77mm Variable ND: https://amzn.to/3YFU5oi Audio DJI Mic Kit: https://bit.ly/3NP5KuE DJI Mic 2: https://amzn.to/3YxWwbw Rode Lav Go: https://amzn.to/4hszkUs Sennheiser mke 600: https://amzn.to/4f4T2Ed LINKS USED IN THE DESCRIPTION MAY OR MAY NOT BE AFFILIATE LINKS By using the affiliate links I earn a small percentage of your purchases, it does not cost you anything extra to use them. They help me to be able to create more content for you. Thank you for your time and support!",2025-12-16 11:42:15,,uconsole-kvm-extension,
https://www.youtube.com/watch?v=3NKIu-kDpQg,Quick test of the Opernterface KVM EXT. for the uConsole.,AK_Rex,https://yt3.ggpht.com/nIdpTTws2Mo1LxRymbhZOTOUvPrcU1bmUPc1EIz0bzYMYaOYtsyTtwygKlyOhZWaMSBd00In9A=s88-c-k-c0x00ffffff-no-rj,2025-08-15,406,"Just a quick test of the Opernterface KVM EXT. for the uConsole. Repo package name is ""openterfaceqt"" for easy install using my Debian images. Link to buy - https://shop.techxartisan.com/products/openterface-kvm-ext-for-uconsole",2025-12-16 11:42:22,,uconsole-kvm-extension,
https://www.youtube.com/watch?v=UaHBOCbXk1Y,Make your uConsole into a KVM!,Symbiiote,https://yt3.ggpht.com/OYi4mIbKHArwGmdur42okpmZ3VMRJlMixLH2YOvgv2EqWzzvxx1wgwh0RugCBjTuYAVGne4B=s88-c-k-c0x00ffffff-no-rj,2025-08-27,1794,"To learn for free on Brilliant, go to https://brilliant.org/Symbiiote/ . You'll also get 20% off an annual premium subscription. We now have a Discord! https://discord.gg/dJMesTbz - Openterface KVM Expansion: https://shop.techxartisan.com/products/openterface-kvm-ext-for-uconsole - KVM Extension Docs landing page: https://openterface.com/product/uconsole-kvm-extension/ - GitHub repo (Openterface_QT): https://github.com/TechxArtisanStudio/Openterface_QT This video was sponsored by Brilliant [Hardware] Camera : https://amzn.to/3JS819S Lens : https://amzn.to/3Ia72kQ Mic : https://amzn.to/486ojWB Audio Interface : https://amzn.to/46pUXBl Editing computer : https://amzn.to/4nk0LCb Buy me a coffee: coff.ee/SymBiioTE Want to send me cool stuff? Luis Rodriguez 3157 N Rainbow Blvd Ste K7 PMB#113 Las Vegas, NV 89108",2025-12-16 11:42:31,,uconsole-kvm-extension,
https://www.youtube.com/watch?v=Yav62fERPTE,Openterface KVM Ext. for uConsole | Screw Washers Installation,TechxArisan,https://yt3.ggpht.com/QmPxBOCvl-6-q-i3jyLXV5FuR2Hk5CTui_n0IMRRGzlrExNcjifqwUtay63JpahwZT84Iffb3A=s88-c-k-c0x00ffffff-no-rj,2025-09-01,149,"We heard you! Grab dedicated screw washers to fix Openterface KVM Ext. for uConsole looseness. Click the link below, enjoy free shipping, whether you buy alone or add to other orders. https://shop.techxartisan.com/products/openterface-kvm-ext-for-uconsole",2025-12-16 11:42:36,,uconsole-kvm-extension,
